<?xml version="1.0" encoding="UTF-8"?>
<metadata>
  <groupId>link.ahsj</groupId>
  <artifactId>link-ahsj-generator</artifactId>
  <versioning>
    <release>2.1.4-RELEASE</release>
    <versions>
      <version>2.0-RELEASES</version>
      <version>2.1-SNAPSHOT</version>
      <version>2.1.1-RELEASE</version>
      <version>2.1.2-RELEASE</version>
      <version>2.1.3-SNAPSHOT</version>
      <version>2.1.4-SNAPSHOT</version>
      <version>2.1.5-SNAPSHOT</version>
      <version>2.1.4-RELEASE</version>
    </versions>
    <lastUpdated>20200713090729</lastUpdated>
  </versioning>
</metadata>
