<?xml version="1.0" encoding="UTF-8"?>
<metadata modelVersion="1.1.0">
  <groupId>link.ahsj</groupId>
  <artifactId>link-ahsj-core</artifactId>
  <version>2.1.5-SNAPSHOT</version>
  <versioning>
    <snapshot>
      <timestamp>20200707.100322</timestamp>
      <buildNumber>4</buildNumber>
    </snapshot>
    <lastUpdated>20200707100322</lastUpdated>
    <snapshotVersions>
      <snapshotVersion>
        <extension>jar</extension>
        <value>2.1.5-20200707.100322-4</value>
        <updated>20200707100322</updated>
      </snapshotVersion>
      <snapshotVersion>
        <extension>pom</extension>
        <value>2.1.5-20200707.100322-4</value>
        <updated>20200707100322</updated>
      </snapshotVersion>
      <snapshotVersion>
        <classifier>sources</classifier>
        <extension>jar</extension>
        <value>2.1.5-20200707.100322-4</value>
        <updated>20200707100322</updated>
      </snapshotVersion>
    </snapshotVersions>
  </versioning>
</metadata>
