<?xml version="1.0" encoding="UTF-8"?>
<metadata modelVersion="1.1.0">
  <groupId>link.ahsj</groupId>
  <artifactId>link-ahsj-generator</artifactId>
  <version>2.1.5-SNAPSHOT</version>
  <versioning>
    <snapshot>
      <timestamp>20200507.064810</timestamp>
      <buildNumber>1</buildNumber>
    </snapshot>
    <lastUpdated>20200507064810</lastUpdated>
    <snapshotVersions>
      <snapshotVersion>
        <extension>jar</extension>
        <value>2.1.5-20200507.064810-1</value>
        <updated>20200507064810</updated>
      </snapshotVersion>
      <snapshotVersion>
        <extension>pom</extension>
        <value>2.1.5-20200507.064810-1</value>
        <updated>20200507064810</updated>
      </snapshotVersion>
      <snapshotVersion>
        <classifier>sources</classifier>
        <extension>jar</extension>
        <value>2.1.5-20200507.064810-1</value>
        <updated>20200507064810</updated>
      </snapshotVersion>
    </snapshotVersions>
  </versioning>
</metadata>
