<?xml version="1.0" encoding="UTF-8"?>
<metadata modelVersion="1.1.0">
  <groupId>link.ahsj</groupId>
  <artifactId>link-ahsj-generator</artifactId>
  <version>2.1.5-SNAPSHOT</version>
  <versioning>
    <snapshot>
      <localCopy>true</localCopy>
    </snapshot>
    <lastUpdated>20200707100323</lastUpdated>
    <snapshotVersions>
      <snapshotVersion>
        <classifier>sources</classifier>
        <extension>jar</extension>
        <value>2.1.5-SNAPSHOT</value>
        <updated>20200707100323</updated>
      </snapshotVersion>
      <snapshotVersion>
        <extension>jar</extension>
        <value>2.1.5-SNAPSHOT</value>
        <updated>20200707100323</updated>
      </snapshotVersion>
      <snapshotVersion>
        <extension>pom</extension>
        <value>2.1.5-SNAPSHOT</value>
        <updated>20200707100323</updated>
      </snapshotVersion>
    </snapshotVersions>
  </versioning>
</metadata>
